ID;Title;Image URL;Image Filename;Permalink;Slug;razze allevamenti
375;Airedale terrier;https://www.caniincasa.it/wp-content/uploads/2023/10/schede_razze_airedale_terrier.jpg;schede_razze_airedale_terrier.jpg;https://www.caniincasa.it/razze_di_cani/airedale-terrier/;airedale-terrier;Airedale terrier
376;Akita;https://www.caniincasa.it/wp-content/uploads/2023/10/Akita-Inu-bosco-696x464-1.jpg;Akita-Inu-bosco-696x464-1.jpg;https://www.caniincasa.it/razze_di_cani/akita-2/;akita-2;
377;Akita americano;https://www.caniincasa.it/wp-content/uploads/2023/10/akita-americano.jpg;akita-americano.jpg;https://www.caniincasa.it/razze_di_cani/akita-americano/;akita-americano;Akita americano
378;Alano;https://www.caniincasa.it/wp-content/uploads/2023/10/razza-cane-alano.jpg;razza-cane-alano.jpg;https://www.caniincasa.it/razze_di_cani/alano/;alano;Alano
379;Alaskan malamute;https://www.caniincasa.it/wp-content/uploads/2023/10/Alaskan-malamute.jpg;Alaskan-malamute.jpg;https://www.caniincasa.it/razze_di_cani/alaskan-malamute/;alaskan-malamute;Alaskan malamute
380;Alpenlaendische dachsbracke;https://www.caniincasa.it/wp-content/uploads/2023/10/Alpenlaendische-dachsbracke.jpg;Alpenlaendische-dachsbracke.jpg;https://www.caniincasa.it/razze_di_cani/alpenlaendische-dachsbracke/;alpenlaendische-dachsbracke;Alpenlaendische dachsbracke
381;American water spaniel;https://www.caniincasa.it/wp-content/uploads/2023/10/American-water-spaniel.jpg;American-water-spaniel.jpg;https://www.caniincasa.it/razze_di_cani/american-water-spaniel/;american-water-spaniel;American water spaniel
382;Amstaff – american staffordshire terrier;https://www.caniincasa.it/wp-content/uploads/2023/10/Amstaff.jpg;Amstaff.jpg;https://www.caniincasa.it/razze_di_cani/amstaff-american-staffordshire-terrier/;amstaff-american-staffordshire-terrier;Amstaff – american staffordshire terrier
383;Anglo francais de petite venerie;https://www.caniincasa.it/wp-content/uploads/2023/10/Anglo-francais-de-petite-venerie.jpg;Anglo-francais-de-petite-venerie.jpg;https://www.caniincasa.it/razze_di_cani/anglo-francais-de-petite-venerie/;anglo-francais-de-petite-venerie;Anglo francais de petite venerie
384;Ariegeois;https://www.caniincasa.it/wp-content/uploads/2023/10/Ariegeois.jpg;Ariegeois.jpg;https://www.caniincasa.it/razze_di_cani/ariegeois/;ariegeois;Ariegeois
385;Australian cattledog;https://www.caniincasa.it/wp-content/uploads/2023/10/Australian-cattledog.jpg;Australian-cattledog.jpg;https://www.caniincasa.it/razze_di_cani/australian-cattledog/;australian-cattledog;Australian cattledog
386;Australian shepherd;https://www.caniincasa.it/wp-content/uploads/2023/10/Australian-shepherd.jpg;Australian-shepherd.jpg;https://www.caniincasa.it/razze_di_cani/australian-shepherd/;australian-shepherd;Australian shepherd
387;Australian silky terrier;https://www.caniincasa.it/wp-content/uploads/2023/10/Australian-silky-terrier.jpg;Australian-silky-terrier.jpg;https://www.caniincasa.it/razze_di_cani/australian-silky-terrier/;australian-silky-terrier;Australian silky terrier
388;Australian stumpy tail cattle dog;https://www.caniincasa.it/wp-content/uploads/2023/10/Australian_Stumpy_Tail_Cattle_Dog.jpg;Australian_Stumpy_Tail_Cattle_Dog.jpg;https://www.caniincasa.it/razze_di_cani/australian-stumpy-tail-cattle-dog/;australian-stumpy-tail-cattle-dog;Australian stumpy tail cattle dog
389;Australian terrier;https://www.caniincasa.it/wp-content/uploads/2023/10/Australian-terrier.jpg;Australian-terrier.jpg;https://www.caniincasa.it/razze_di_cani/australian-terrier/;australian-terrier;Australian terrier
390;Azawakh;https://www.caniincasa.it/wp-content/uploads/2023/10/Azawakh.jpg;Azawakh.jpg;https://www.caniincasa.it/razze_di_cani/azawakh/;azawakh;Azawakh
391;Barbet;https://www.caniincasa.it/wp-content/uploads/2023/10/Barbet.jpg;Barbet.jpg;https://www.caniincasa.it/razze_di_cani/barbet/;barbet;Barbet
392;Barboni;https://www.caniincasa.it/wp-content/uploads/2023/10/Barboni.jpg;Barboni.jpg;https://www.caniincasa.it/razze_di_cani/barboni/;barboni;Barboni
393;Barzoi;https://www.caniincasa.it/wp-content/uploads/2023/10/Barzoi.jpg;Barzoi.jpg;https://www.caniincasa.it/razze_di_cani/barzoi/;barzoi;Barzoi
394;Basenji;https://www.caniincasa.it/wp-content/uploads/2023/10/Basenji.jpg;Basenji.jpg;https://www.caniincasa.it/razze_di_cani/basenji/;basenji;Basenji
395;Basset blue de gascogne;https://www.caniincasa.it/wp-content/uploads/2023/10/Basset-blue-de-gascogne.jpg;Basset-blue-de-gascogne.jpg;https://www.caniincasa.it/razze_di_cani/basset-blue-de-gascogne/;basset-blue-de-gascogne;Basset blue de gascogne
396;Bassethound;https://www.caniincasa.it/wp-content/uploads/2023/10/Bassethound.jpg;Bassethound.jpg;https://www.caniincasa.it/razze_di_cani/bassethound/;bassethound;Bassethound
397;Basset artesien normand;https://www.caniincasa.it/wp-content/uploads/2023/10/Basset-artesien-normand.jpg;Basset-artesien-normand.jpg;https://www.caniincasa.it/razze_di_cani/bassett-artesian-normand/;bassett-artesian-normand;Basset artesien normand
398;Bassett fauve de bretagne;https://www.caniincasa.it/wp-content/uploads/2023/10/Bassett-fauve-de-bretagne.jpg;Bassett-fauve-de-bretagne.jpg;https://www.caniincasa.it/razze_di_cani/bassett-fauve-de-bretagne/;bassett-fauve-de-bretagne;Bassett fauve de bretagne
399;Bassotti tedeschi;https://www.caniincasa.it/wp-content/uploads/2023/10/Bassotti-tedeschi-3.jpg;Bassotti-tedeschi-3.jpg;https://www.caniincasa.it/razze_di_cani/bassotti-tedeschi/;bassotti-tedeschi;Bassotti tedeschi
400;Bayerischer gebirgsschweisshund;https://www.caniincasa.it/wp-content/uploads/2023/10/bayerischer-gebirgsschweisshund-draussen.jpg;bayerischer-gebirgsschweisshund-draussen.jpg;https://www.caniincasa.it/razze_di_cani/bayerischer-gebirgsschweisshund/;bayerischer-gebirgsschweisshund;Bayerischer gebirgsschweisshund
401;Beagle;https://www.caniincasa.it/wp-content/uploads/2023/10/Beagle.jpg;Beagle.jpg;https://www.caniincasa.it/razze_di_cani/beagle/;beagle;Beagle
402;Beagle harrier;https://www.caniincasa.it/wp-content/uploads/2023/10/Beagle-harrier.jpg;Beagle-harrier.jpg;https://www.caniincasa.it/razze_di_cani/beagle-harrier/;beagle-harrier;Beagle harrier
403;Bearded collie;https://www.caniincasa.it/wp-content/uploads/2023/10/Bearded-collie.jpg;Bearded-collie.jpg;https://www.caniincasa.it/razze_di_cani/bearded-collie/;bearded-collie;Bearded collie
404;Bedlington terrier;https://www.caniincasa.it/wp-content/uploads/2023/10/Bedlington-terrier.jpg;Bedlington-terrier.jpg;https://www.caniincasa.it/razze_di_cani/bedlington-terrier/;bedlington-terrier;Bedlington terrier
405;Bichon a poil frise;https://www.caniincasa.it/wp-content/uploads/2023/10/Bichon-a-poil-frise.jpg;Bichon-a-poil-frise.jpg;https://www.caniincasa.it/razze_di_cani/bichon-a-poil-frise/;bichon-a-poil-frise;Bichon a poil frise
406;Bichon havanais;https://www.caniincasa.it/wp-content/uploads/2023/10/Bichon-havanais.jpg;Bichon-havanais.jpg;https://www.caniincasa.it/razze_di_cani/bichon-havanais/;bichon-havanais;Bichon havanais
407;Billy;https://www.caniincasa.it/wp-content/uploads/2023/10/Billy.jpg;Billy.jpg;https://www.caniincasa.it/razze_di_cani/billy/;billy;Billy
408;Black and tan coonhound;https://www.caniincasa.it/wp-content/uploads/2023/10/Black-and-tan-coonhound.jpg;Black-and-tan-coonhound.jpg;https://www.caniincasa.it/razze_di_cani/black-and-tan-coonhound/;black-and-tan-coonhound;Black and tan coonhound
409;Bloodhound chien de saint-ubert;https://www.caniincasa.it/wp-content/uploads/2023/10/Bloodhound-chien-de-saint-ubert.jpg;Bloodhound-chien-de-saint-ubert.jpg;https://www.caniincasa.it/razze_di_cani/bloodhound-chien-de-saint-ubert/;bloodhound-chien-de-saint-ubert;Bloodhound chien de saint-ubert
410;Bobtail;https://www.caniincasa.it/wp-content/uploads/2023/10/Bobtail.jpg;Bobtail.jpg;https://www.caniincasa.it/razze_di_cani/bobtail/;bobtail;Bobtail
411;Bolognese;https://www.caniincasa.it/wp-content/uploads/2023/10/Bolognese.jpg;Bolognese.jpg;https://www.caniincasa.it/razze_di_cani/bolognese/;bolognese;Bolognese
412;Border collie;https://www.caniincasa.it/wp-content/uploads/2023/10/Border-collie.jpg;Border-collie.jpg;https://www.caniincasa.it/razze_di_cani/border-collie/;border-collie;Border collie
413;Border terrier;https://www.caniincasa.it/wp-content/uploads/2023/10/Border-terrier.jpg;Border-terrier.jpg;https://www.caniincasa.it/razze_di_cani/border-terrier/;border-terrier;Border terrier
414;Boston terrier;https://www.caniincasa.it/wp-content/uploads/2023/10/Boston-terrier.jpg;Boston-terrier.jpg;https://www.caniincasa.it/razze_di_cani/boston-terrier/;boston-terrier;Boston terrier
415;Bouledogue francese;https://www.caniincasa.it/wp-content/uploads/2023/10/Bouledogue-francese.jpg;Bouledogue-francese.jpg;https://www.caniincasa.it/razze_di_cani/bouledogue-francese/;bouledogue-francese;Bouledogue francese
416;Bovaro del bernese;https://www.caniincasa.it/wp-content/uploads/2023/10/Bovaro-del-bernese.jpg;Bovaro-del-bernese.jpg;https://www.caniincasa.it/razze_di_cani/bovaro-del-bernese/;bovaro-del-bernese;Bovaro del bernese
417;Bovaro dell’appenzell;https://www.caniincasa.it/wp-content/uploads/2023/10/Bovaro-dellappenzell.jpg;Bovaro-dellappenzell.jpg;https://www.caniincasa.it/razze_di_cani/bovaro-dellappenzell/;bovaro-dellappenzell;Bovaro dell’appenzell
418;Bovaro dell’entlebuch;https://www.caniincasa.it/wp-content/uploads/2023/10/Bovaro-dellentlebuch.jpg;Bovaro-dellentlebuch.jpg;https://www.caniincasa.it/razze_di_cani/bovaro-dellentlebuch/;bovaro-dellentlebuch;Bovaro dell’entlebuch
419;Bovaro delle ardenne;https://www.caniincasa.it/wp-content/uploads/2023/10/Bovaro-delle-ardenne.jpg;Bovaro-delle-ardenne.jpg;https://www.caniincasa.it/razze_di_cani/bovaro-delle-ardenne/;bovaro-delle-ardenne;Bovaro delle ardenne
420;Bovaro delle fiandre;https://www.caniincasa.it/wp-content/uploads/2023/10/Bovaro-delle-fiandre.jpg;Bovaro-delle-fiandre.jpg;https://www.caniincasa.it/razze_di_cani/bovaro-delle-fiandre/;bovaro-delle-fiandre;Bovaro delle fiandre
421;Boxer;https://www.caniincasa.it/wp-content/uploads/2023/10/Boxer.jpg;Boxer.jpg;https://www.caniincasa.it/razze_di_cani/boxer/;boxer;Boxer
422;Bracco d’ariege;https://www.caniincasa.it/wp-content/uploads/2023/10/Bracco-dariege.jpg;Bracco-dariege.jpg;https://www.caniincasa.it/razze_di_cani/bracco-dariege/;bracco-dariege;Bracco d’ariege
423;Bracco d’auvergne;https://www.caniincasa.it/wp-content/uploads/2023/10/Bracco-dauvergne.jpg;Bracco-dauvergne.jpg;https://www.caniincasa.it/razze_di_cani/bracco-dauvergne/;bracco-dauvergne;Bracco d’auvergne
424;Bracco del bourbonnais;https://www.caniincasa.it/wp-content/uploads/2023/10/schede_razze_bracco_bourbonnais-768x465-1.jpg;schede_razze_bracco_bourbonnais-768x465-1.jpg;https://www.caniincasa.it/razze_di_cani/bracco-del-bourbonnais/;bracco-del-bourbonnais;Bracco del bourbonnais
425;Bracco di burgos;https://www.caniincasa.it/wp-content/uploads/2023/10/Bracco-di-burgos.jpg;Bracco-di-burgos.jpg;https://www.caniincasa.it/razze_di_cani/bracco-di-burgos/;bracco-di-burgos;Bracco di burgos
426;Bracco francese;https://www.caniincasa.it/wp-content/uploads/2023/10/bracco-francese4-1280x720-1.jpg;bracco-francese4-1280x720-1.jpg;https://www.caniincasa.it/razze_di_cani/bracco-francese/;bracco-francese;Bracco francese
427;Bracco italiano;https://www.caniincasa.it/wp-content/uploads/2023/10/Bracco-italiano.jpg;Bracco-italiano.jpg;https://www.caniincasa.it/razze_di_cani/bracco-italiano/;bracco-italiano;Bracco italiano
428;Bracco portoghese;https://www.caniincasa.it/wp-content/uploads/2023/10/Bracco-portoghese.jpg;Bracco-portoghese.jpg;https://www.caniincasa.it/razze_di_cani/bracco-portoghese/;bracco-portoghese;Bracco portoghese
429;Bracco saint germain;https://www.caniincasa.it/wp-content/uploads/2023/10/Bracco-saint-germain.jpg;Bracco-saint-germain.jpg;https://www.caniincasa.it/razze_di_cani/bracco-saint-germain/;bracco-saint-germain;Bracco saint germain
430;Bracco slovacco;https://www.caniincasa.it/wp-content/uploads/2023/10/Bracco-Slovacco-A-Pelo-Duro.jpg;Bracco-Slovacco-A-Pelo-Duro.jpg;https://www.caniincasa.it/razze_di_cani/bracco-slovacco/;bracco-slovacco;Bracco slovacco
431;Bracco ungherese;https://www.caniincasa.it/wp-content/uploads/2023/10/Bracco-ungherese.jpg;Bracco-ungherese.jpg;https://www.caniincasa.it/razze_di_cani/bracco-ungherese/;bracco-ungherese;Bracco ungherese
432;Briquet griffon vendeen;https://www.caniincasa.it/wp-content/uploads/2023/10/Briquet-griffon-vendeen.jpg;Briquet-griffon-vendeen.jpg;https://www.caniincasa.it/razze_di_cani/briquet-griffon-vendeen/;briquet-griffon-vendeen;Briquet griffon vendeen
433;Broholmer;https://www.caniincasa.it/wp-content/uploads/2023/10/Broholmer.jpg;Broholmer.jpg;https://www.caniincasa.it/razze_di_cani/broholmer/;broholmer;Broholmer
434;Bull terrier inglese;https://www.caniincasa.it/wp-content/uploads/2023/10/Bull-terrier-inglese.jpg;Bull-terrier-inglese.jpg;https://www.caniincasa.it/razze_di_cani/bull-terrier-inglese/;bull-terrier-inglese;Bull terrier inglese
435;Bulldog;https://www.caniincasa.it/wp-content/uploads/2023/10/Bulldog.jpg;Bulldog.jpg;https://www.caniincasa.it/razze_di_cani/bulldog/;bulldog;Bulldog
436;Bullmastiff;https://www.caniincasa.it/wp-content/uploads/2023/10/Bullmastiff.jpg;Bullmastiff.jpg;https://www.caniincasa.it/razze_di_cani/bullmastiff/;bullmastiff;Bullmastiff
437;Cairn terrier;https://www.caniincasa.it/wp-content/uploads/2023/10/Cairn-terrier.jpg;Cairn-terrier.jpg;https://www.caniincasa.it/razze_di_cani/cairn-terrier/;cairn-terrier;Cairn terrier
438;Canaan dog;https://www.caniincasa.it/wp-content/uploads/2023/10/Canaan-dog.jpg;Canaan-dog.jpg;https://www.caniincasa.it/razze_di_cani/canaan-dog/;canaan-dog;Canaan dog
439;Cane corso;https://www.caniincasa.it/wp-content/uploads/2023/10/Cane-corso.jpg;Cane-corso.jpg;https://www.caniincasa.it/razze_di_cani/cane-corso/;cane-corso;Cane corso
440;Cane da ferma boemo;https://www.caniincasa.it/wp-content/uploads/2023/10/Cane-da-ferma-boemo.jpg;Cane-da-ferma-boemo.jpg;https://www.caniincasa.it/razze_di_cani/cane-da-ferma-boemo/;cane-da-ferma-boemo;Cane da ferma boemo
441;Cane da ferma tedesco;https://www.caniincasa.it/wp-content/uploads/2023/10/Cane-da-ferma-tedesco.jpg;Cane-da-ferma-tedesco.jpg;https://www.caniincasa.it/razze_di_cani/cane-da-ferma-tedesco/;cane-da-ferma-tedesco;Cane da ferma tedesco
442;Cane da lupo cecoslovacco;https://www.caniincasa.it/wp-content/uploads/2023/10/Cane-da-lupo-cecoslovacco.jpg;Cane-da-lupo-cecoslovacco.jpg;https://www.caniincasa.it/razze_di_cani/cane-da-lupo-cecoslovacco/;cane-da-lupo-cecoslovacco;Cane da lupo cecoslovacco
443;Cane da lupo saarloos;https://www.caniincasa.it/wp-content/uploads/2023/10/Cane-da-lupo-saarloos.jpg;Cane-da-lupo-saarloos.jpg;https://www.caniincasa.it/razze_di_cani/cane-da-lupo-saarloos/;cane-da-lupo-saarloos;Cane da lupo saarloos
444;Cane da montagna dei pirenei;https://www.caniincasa.it/wp-content/uploads/2023/10/Cane-da-montagna-dei-pirenei.jpg;Cane-da-montagna-dei-pirenei.jpg;https://www.caniincasa.it/razze_di_cani/cane-da-montagna-dei-pirenei/;cane-da-montagna-dei-pirenei;Cane da montagna dei pirenei
445;Cane da orso della carelia;https://www.caniincasa.it/wp-content/uploads/2023/10/Cane-da-orso-della-carelia.jpg;Cane-da-orso-della-carelia.jpg;https://www.caniincasa.it/razze_di_cani/cane-da-orso-della-carelia/;cane-da-orso-della-carelia;Cane da orso della carelia
446;Cane da pastore australiano kelpie;https://www.caniincasa.it/wp-content/uploads/2023/10/Cane-da-pastore-australiano-kelpie.jpg;Cane-da-pastore-australiano-kelpie.jpg;https://www.caniincasa.it/razze_di_cani/cane-da-pastore-australiano-kelpie/;cane-da-pastore-australiano-kelpie;Cane da pastore australiano kelpie
447;Cane da pastore belga;https://www.caniincasa.it/wp-content/uploads/2023/10/Cane-da-pastore-belga.jpg;Cane-da-pastore-belga.jpg;https://www.caniincasa.it/razze_di_cani/cane-da-pastore-belga/;cane-da-pastore-belga;Cane da pastore belga
448;Cane da pastore bergamasco;https://www.caniincasa.it/wp-content/uploads/2023/10/Cane-da-pastore-bergamasco.jpg;Cane-da-pastore-bergamasco.jpg;https://www.caniincasa.it/razze_di_cani/cane-da-pastore-bergamasco/;cane-da-pastore-bergamasco;Cane da pastore bergamasco
449;Cane da pastore catalano;https://www.caniincasa.it/wp-content/uploads/2023/10/Cane-da-pastore-catalano.jpg;Cane-da-pastore-catalano.jpg;https://www.caniincasa.it/razze_di_cani/cane-da-pastore-catalano/;cane-da-pastore-catalano;Cane da pastore catalano
450;Cane da pastore croato;https://www.caniincasa.it/wp-content/uploads/2023/10/Cane-da-pastore-croato.jpg;Cane-da-pastore-croato.jpg;https://www.caniincasa.it/razze_di_cani/cane-da-pastore-croato/;cane-da-pastore-croato;Cane da pastore croato
451;Cane da pastore dei pirenei;https://www.caniincasa.it/wp-content/uploads/2023/10/Cane-da-pastore-dei-pirenei.jpg;Cane-da-pastore-dei-pirenei.jpg;https://www.caniincasa.it/razze_di_cani/cane-da-pastore-dei-pirenei/;cane-da-pastore-dei-pirenei;Cane da pastore dei pirenei
452;Cane da pastore dei tatra;https://www.caniincasa.it/wp-content/uploads/2023/10/Cane-da-pastore-dei-tatra.jpg;Cane-da-pastore-dei-tatra.jpg;https://www.caniincasa.it/razze_di_cani/cane-da-pastore-dei-tatra/;cane-da-pastore-dei-tatra;Cane da pastore dei tatra
453;Cane da pastore del caucaso;https://www.caniincasa.it/wp-content/uploads/2023/10/Cane-da-pastore-del-caucaso.jpg;Cane-da-pastore-del-caucaso.jpg;https://www.caniincasa.it/razze_di_cani/cane-da-pastore-del-caucaso/;cane-da-pastore-del-caucaso;Cane da pastore del caucaso
454;Cane da pastore dell’anatolia;https://www.caniincasa.it/wp-content/uploads/2023/10/Cane-da-pastore-dellanatolia.jpg;Cane-da-pastore-dellanatolia.jpg;https://www.caniincasa.it/razze_di_cani/cane-da-pastore-dellanatolia/;cane-da-pastore-dellanatolia;Cane da pastore dell’anatolia
455;Cane da pastore dell’asia centrale;https://www.caniincasa.it/wp-content/uploads/2023/10/Cane-da-pastore-dellasia-centrale.jpg;Cane-da-pastore-dellasia-centrale.jpg;https://www.caniincasa.it/razze_di_cani/cane-da-pastore-dellasia-centrale/;cane-da-pastore-dellasia-centrale;Cane da pastore dell’asia centrale
456;Cane da pastore della russia meridionale;https://www.caniincasa.it/wp-content/uploads/2023/10/Cane-da-pastore-della-russia-meridionale.jpg;Cane-da-pastore-della-russia-meridionale.jpg;https://www.caniincasa.it/razze_di_cani/cane-da-pastore-della-russia-meridionale/;cane-da-pastore-della-russia-meridionale;Cane da pastore della russia meridionale
457;Cane da pastore di beauce;https://www.caniincasa.it/wp-content/uploads/2023/10/Cane-da-pastore-di-beauce.jpg;Cane-da-pastore-di-beauce.jpg;https://www.caniincasa.it/razze_di_cani/cane-da-pastore-di-beauce/;cane-da-pastore-di-beauce;Cane da pastore di beauce
458;Cane da pastore di brie;https://www.caniincasa.it/wp-content/uploads/2023/10/Cane-da-pastore-di-brie.jpg;Cane-da-pastore-di-brie.jpg;https://www.caniincasa.it/razze_di_cani/cane-da-pastore-di-brie/;cane-da-pastore-di-brie;Cane da pastore di brie
459;Cane da pastore di ciarplanina;https://www.caniincasa.it/wp-content/uploads/2023/10/cane-da-pastore-ciarplanina.webp|https://www.caniincasa.it/wp-content/uploads/2023/10/Cane-da-pastore-di-ciarplanina.jpeg|https://www.caniincasa.it/wp-content/uploads/2023/10/Cane-da-pastore-di-ciarplanina.jpg;cane-da-pastore-ciarplanina.webp|Cane-da-pastore-di-ciarplanina.jpeg|Cane-da-pastore-di-ciarplanina.jpg;https://www.caniincasa.it/razze_di_cani/cane-da-pastore-di-ciarplanina/;cane-da-pastore-di-ciarplanina;Cane da pastore di ciarplanina
460;Cane da pastore di karst;https://www.caniincasa.it/wp-content/uploads/2023/10/Cane-da-pastore-di-karst.jpg;Cane-da-pastore-di-karst.jpg;https://www.caniincasa.it/razze_di_cani/cane-da-pastore-di-karst/;cane-da-pastore-di-karst;Cane da pastore di karst
461;Cane da pastore di picardia;https://www.caniincasa.it/wp-content/uploads/2023/10/Cane-da-pastore-di-picardia.jpg;Cane-da-pastore-di-picardia.jpg;https://www.caniincasa.it/razze_di_cani/cane-da-pastore-di-picardia/;cane-da-pastore-di-picardia;Cane da pastore di picardia
462;Cane da pastore mallorquin;https://www.caniincasa.it/wp-content/uploads/2023/10/Cane-da-pastore-mallorquin-.jpg|https://www.caniincasa.it/wp-content/uploads/2023/10/Cane-da-pastore-mallorquin.jpeg;Cane-da-pastore-mallorquin-.jpg|Cane-da-pastore-mallorquin.jpeg;https://www.caniincasa.it/razze_di_cani/cane-da-pastore-mallorquin/;cane-da-pastore-mallorquin;Cane da pastore mallorquin
463;Cane da pastore maremmano abruzzese;https://www.caniincasa.it/wp-content/uploads/2023/10/Cane-da-pastore-maremmano-abruzzese.jpg;Cane-da-pastore-maremmano-abruzzese.jpg;https://www.caniincasa.it/razze_di_cani/cane-da-pastore-maremmano-abruzzese/;cane-da-pastore-maremmano-abruzzese;Cane da pastore maremmano abruzzese
464;Cane da pastore olandese;https://www.caniincasa.it/wp-content/uploads/2023/10/Cane-da-pastore-olandese.jpg;Cane-da-pastore-olandese.jpg;https://www.caniincasa.it/razze_di_cani/cane-da-pastore-olandese/;cane-da-pastore-olandese;Cane da pastore olandese
465;Cane da pastore polacco di vallee;https://www.caniincasa.it/wp-content/uploads/2023/10/Cane-da-pastore-polacco-di-vallee.jpg;Cane-da-pastore-polacco-di-vallee.jpg;https://www.caniincasa.it/razze_di_cani/cane-da-pastore-polacco-di-vallee/;cane-da-pastore-polacco-di-vallee;Cane da pastore polacco di vallee
466;Cane da pastore scozzese;https://www.caniincasa.it/wp-content/uploads/2023/10/Cane-da-pastore-scozzese.jpg;Cane-da-pastore-scozzese.jpg;https://www.caniincasa.it/razze_di_cani/cane-da-pastore-scozzese/;cane-da-pastore-scozzese;Cane da pastore scozzese
467;Cane da sierra di estrela;https://www.caniincasa.it/wp-content/uploads/2023/10/Cane-da-sierra-di-estrela.jpg;Cane-da-sierra-di-estrela.jpg;https://www.caniincasa.it/razze_di_cani/cane-da-sierra-di-estrela/;cane-da-sierra-di-estrela;Cane da sierra di estrela
468;Cane de castro laboreiro;https://www.caniincasa.it/wp-content/uploads/2023/10/Cane-de-castro-laboreiro.jpg;Cane-de-castro-laboreiro.jpg;https://www.caniincasa.it/razze_di_cani/cane-de-castro-laboreiro/;cane-de-castro-laboreiro;Cane de castro laboreiro
469;Cane dell’atlas;https://www.caniincasa.it/wp-content/uploads/2023/10/cane-dell-atlas.jpg;cane-dell-atlas.jpg;https://www.caniincasa.it/razze_di_cani/cane-dellatlas/;cane-dellatlas;Cane dell’atlas
470;Cane di san bernardo;https://www.caniincasa.it/wp-content/uploads/2023/10/Cane-di-san-bernardo.jpg;Cane-di-san-bernardo.jpg;https://www.caniincasa.it/razze_di_cani/cane-di-san-bernardo/;cane-di-san-bernardo;Cane di san bernardo
471;Cane fonnese;https://www.caniincasa.it/wp-content/uploads/2023/10/cane-fonnese-1280x720-1.jpg;cane-fonnese-1280x720-1.jpg;https://www.caniincasa.it/razze_di_cani/cane-fonnese/;cane-fonnese;Cane fonnese
472;Cao da sierra de aires;https://www.caniincasa.it/wp-content/uploads/2023/10/cao-da-serra-Aires.jpg;cao-da-serra-Aires.jpg;https://www.caniincasa.it/razze_di_cani/cao-da-sierra-de-aires/;cao-da-sierra-de-aires;Cao da sierra de aires
473;Cao de agua;https://www.caniincasa.it/wp-content/uploads/2023/10/Cao-de-agua.jpg;Cao-de-agua.jpg;https://www.caniincasa.it/razze_di_cani/cao-de-agua/;cao-de-agua;Cao de agua
474;Cao fila de sao miguel;https://www.caniincasa.it/wp-content/uploads/2023/10/Cao-fila-de-Sao-Miguel.jpg;Cao-fila-de-Sao-Miguel.jpg;https://www.caniincasa.it/razze_di_cani/cao-fila-de-sao-miguel/;cao-fila-de-sao-miguel;Cao fila de sao miguel
475;Carlino;https://www.caniincasa.it/wp-content/uploads/2023/10/Carlino.jpg;Carlino.jpg;https://www.caniincasa.it/razze_di_cani/carlino/;carlino;Carlino
476;Cavalier king charles spaniel;https://www.caniincasa.it/wp-content/uploads/2023/10/Cavalier-king-charles-spaniel.jpg;Cavalier-king-charles-spaniel.jpg;https://www.caniincasa.it/razze_di_cani/cavalier-king-charles-spaniel/;cavalier-king-charles-spaniel;Cavalier king charles spaniel
477;Chesapeake bay retriever;https://www.caniincasa.it/wp-content/uploads/2023/10/Chesapeake-bay-retriever.jpg;Chesapeake-bay-retriever.jpg;https://www.caniincasa.it/razze_di_cani/chesapeake-bay-retriever/;chesapeake-bay-retriever;Chesapeake bay retriever
478;Chien d’artois;https://www.caniincasa.it/wp-content/uploads/2023/10/Chien-dartois.jpg;Chien-dartois.jpg;https://www.caniincasa.it/razze_di_cani/chien-dartois/;chien-dartois;Chien d’artois
479;Chihuahua;https://www.caniincasa.it/wp-content/uploads/2023/10/Chihuahua.jpg;Chihuahua.jpg;https://www.caniincasa.it/razze_di_cani/chihuahua/;chihuahua;Chihuahua
480;Chin;https://www.caniincasa.it/wp-content/uploads/2023/10/Chin.jpg;Chin.jpg;https://www.caniincasa.it/razze_di_cani/chin/;chin;Chin
481;Chinese crested dog;https://www.caniincasa.it/wp-content/uploads/2023/10/Chinese-crested-dog.jpg;Chinese-crested-dog.jpg;https://www.caniincasa.it/razze_di_cani/chinese-crested-dog/;chinese-crested-dog;Chinese crested dog
482;Chow-chow;https://www.caniincasa.it/wp-content/uploads/2023/10/Chow-chow.jpg;Chow-chow.jpg;https://www.caniincasa.it/razze_di_cani/chow-chow/;chow-chow;Chow-chow
483;Cimarron uruguayo;https://www.caniincasa.it/wp-content/uploads/2023/10/Cimarron-uruguayo.jpg;Cimarron-uruguayo.jpg;https://www.caniincasa.it/razze_di_cani/cimarron-uruguayo/;cimarron-uruguayo;Cimarron uruguayo
484;Ciobanesc romanesc de bucovina;https://www.caniincasa.it/wp-content/uploads/2023/10/Ciobanesc-romanesc-de-bucovina.jpg;Ciobanesc-romanesc-de-bucovina.jpg;https://www.caniincasa.it/razze_di_cani/ciobanesc-romanesc-de-bucovina/;ciobanesc-romanesc-de-bucovina;Ciobanesc romanesc de bucovina
485;Cirneco dell’etna;https://www.caniincasa.it/wp-content/uploads/2023/10/Cirneco-delletna.jpg;Cirneco-delletna.jpg;https://www.caniincasa.it/razze_di_cani/cirneco-delletna/;cirneco-delletna;Cirneco dell’etna
486;Clumber spaniel;https://www.caniincasa.it/wp-content/uploads/2023/10/Clumber-spaniel.jpg;Clumber-spaniel.jpg;https://www.caniincasa.it/razze_di_cani/clumber-spaniel/;clumber-spaniel;Clumber spaniel
487;Cocker americano;https://www.caniincasa.it/wp-content/uploads/2023/10/Cocker-americano.jpg;Cocker-americano.jpg;https://www.caniincasa.it/razze_di_cani/cocker-americano/;cocker-americano;Cocker americano
488;Cocker spaniel inglese;https://www.caniincasa.it/wp-content/uploads/2023/10/Cocker-spaniel-inglese.jpg;Cocker-spaniel-inglese.jpg;https://www.caniincasa.it/razze_di_cani/cocker-spaniel-inglese/;cocker-spaniel-inglese;Cocker spaniel inglese
489;Coton de tulear;https://www.caniincasa.it/wp-content/uploads/2023/10/Coton-de-tulear.jpg;Coton-de-tulear.jpg;https://www.caniincasa.it/razze_di_cani/coton-de-tulear/;coton-de-tulear;Coton de tulear
490;Curly-coated retriever;https://www.caniincasa.it/wp-content/uploads/2023/10/Curly-coated-retriever.jpg;Curly-coated-retriever.jpg;https://www.caniincasa.it/razze_di_cani/curly-coated-retriever/;curly-coated-retriever;Curly-coated retriever
491;Dalmata;https://www.caniincasa.it/wp-content/uploads/2023/10/Dalmata.jpg;Dalmata.jpg;https://www.caniincasa.it/razze_di_cani/dalmata/;dalmata;Dalmata
492;Dandie dinmont terrier;https://www.caniincasa.it/wp-content/uploads/2023/10/Dandie-dinmont-terrier.jpg;Dandie-dinmont-terrier.jpg;https://www.caniincasa.it/razze_di_cani/dandie-dinmont-terrier/;dandie-dinmont-terrier;Dandie dinmont terrier
493;Dansk-svensk gardshund;https://www.caniincasa.it/wp-content/uploads/2023/10/Dansk-svensk-gardshund-.jpg|https://www.caniincasa.it/wp-content/uploads/2023/10/Dansk-svensk-gardshund.jpeg|https://www.caniincasa.it/wp-content/uploads/2023/10/Dansk-svensk-gardshund-1.jpeg;Dansk-svensk-gardshund-.jpg|Dansk-svensk-gardshund.jpeg|Dansk-svensk-gardshund-1.jpeg;https://www.caniincasa.it/razze_di_cani/dansk-svensk-gardshund/;dansk-svensk-gardshund;Dansk-svensk gardshund
494;Deerhound;https://www.caniincasa.it/wp-content/uploads/2023/10/Deerhound.jpg;Deerhound.jpg;https://www.caniincasa.it/razze_di_cani/deerhound/;deerhound;Deerhound
495;Deutscher jagdterrier;https://www.caniincasa.it/wp-content/uploads/2023/10/Deutscher-jagdterrier.jpg;Deutscher-jagdterrier.jpg;https://www.caniincasa.it/razze_di_cani/deutscher-jagdterrier/;deutscher-jagdterrier;Deutscher jagdterrier
496;Dobermann;https://www.caniincasa.it/wp-content/uploads/2023/10/Dobermann.jpg;Dobermann.jpg;https://www.caniincasa.it/razze_di_cani/dobermann/;dobermann;Dobermann
497;Dogo argentino;https://www.caniincasa.it/wp-content/uploads/2023/10/Dogo-argentino.jpg;Dogo-argentino.jpg;https://www.caniincasa.it/razze_di_cani/dogo-argentino/;dogo-argentino;Dogo argentino
498;Dogo canario;https://www.caniincasa.it/wp-content/uploads/2023/10/Dogo-canario.jpg;Dogo-canario.jpg;https://www.caniincasa.it/razze_di_cani/dogo-canario/;dogo-canario;Dogo canario
499;Dogue de bordeaux;https://www.caniincasa.it/wp-content/uploads/2023/10/Dogue-de-bordeaux.jpg;Dogue-de-bordeaux.jpg;https://www.caniincasa.it/razze_di_cani/dogue-de-bordeaux/;dogue-de-bordeaux;Dogue de bordeaux
500;Drever;https://www.caniincasa.it/wp-content/uploads/2023/10/Drever.jpg;Drever.jpg;https://www.caniincasa.it/razze_di_cani/drever/;drever;Drever
501;Dunker;https://www.caniincasa.it/wp-content/uploads/2023/10/Dunker-1.jpg;Dunker-1.jpg;https://www.caniincasa.it/razze_di_cani/dunker/;dunker;Dunker
502;English toy terrier black and tan;https://www.caniincasa.it/wp-content/uploads/2023/10/English-toy-terrier-black-and-tan.jpg;English-toy-terrier-black-and-tan.jpg;https://www.caniincasa.it/razze_di_cani/english-toy-terrier-black-and-tan/;english-toy-terrier-black-and-tan;English toy terrier black and tan
503;Epagneul blue de picardie;https://www.caniincasa.it/wp-content/uploads/2023/10/epagneul_bleu_picardie-.jpeg;epagneul_bleu_picardie-.jpeg;https://www.caniincasa.it/razze_di_cani/epagneul-blue-de-picardie/;epagneul-blue-de-picardie;Epagneul blue de picardie
504;Epagneul breton;https://www.caniincasa.it/wp-content/uploads/2023/10/Epagneul-breton.jpg;Epagneul-breton.jpg;https://www.caniincasa.it/razze_di_cani/epagneul-breton/;epagneul-breton;Epagneul breton
505;Epagneul de pont au de mer;https://www.caniincasa.it/wp-content/uploads/2023/10/Epagneul-de-pont-au-de-mer.jpg;Epagneul-de-pont-au-de-mer.jpg;https://www.caniincasa.it/razze_di_cani/epagneul-de-pont-au-de-mer/;epagneul-de-pont-au-de-mer;Epagneul de pont au de mer
506;Epagneul francais;https://www.caniincasa.it/wp-content/uploads/2023/10/Epagneul-francais.jpg;Epagneul-francais.jpg;https://www.caniincasa.it/razze_di_cani/epagneul-francais/;epagneul-francais;Epagneul francais
507;Epagneul nano;https://www.caniincasa.it/wp-content/uploads/2023/10/Epagneul-nano.jpg;Epagneul-nano.jpg;https://www.caniincasa.it/razze_di_cani/epagneul-nano/;epagneul-nano;Epagneul nano
508;Epagneul olandese di drent;https://www.caniincasa.it/wp-content/uploads/2023/10/Epagneul-olandese-di-drent-1.jpg;Epagneul-olandese-di-drent-1.jpg;https://www.caniincasa.it/razze_di_cani/epagneul-olandese-di-drent/;epagneul-olandese-di-drent;Epagneul olandese di drent
509;Epagneul picard;https://www.caniincasa.it/wp-content/uploads/2023/10/Epagneul-picard_.jpg;Epagneul-picard_.jpg;https://www.caniincasa.it/razze_di_cani/epagneul-picard/;epagneul-picard;Epagneul picard
510;Eurasier;https://www.caniincasa.it/wp-content/uploads/2023/10/Eurasier.jpg;Eurasier.jpg;https://www.caniincasa.it/razze_di_cani/eurasier/;eurasier;Eurasier
511;Field spaniel;https://www.caniincasa.it/wp-content/uploads/2023/10/Field-spaniel.jpg;Field-spaniel.jpg;https://www.caniincasa.it/razze_di_cani/field-spaniel/;field-spaniel;Field spaniel
512;Fila brasileiro;https://www.caniincasa.it/wp-content/uploads/2023/10/Fila-brasileiro.jpg;Fila-brasileiro.jpg;https://www.caniincasa.it/razze_di_cani/fila-brasileiro/;fila-brasileiro;Fila brasileiro
513;Flat coated retriever;https://www.caniincasa.it/wp-content/uploads/2023/10/Flat-coated-retriever.jpg;Flat-coated-retriever.jpg;https://www.caniincasa.it/razze_di_cani/flat-coated-retriever/;flat-coated-retriever;Flat coated retriever
514;Fox terrier;https://www.caniincasa.it/wp-content/uploads/2023/10/Fox-terrier.jpg;Fox-terrier.jpg;https://www.caniincasa.it/razze_di_cani/fox-terrier/;fox-terrier;Fox terrier
515;Foxhound americano;https://www.caniincasa.it/wp-content/uploads/2023/10/Foxhound-americano.jpg;Foxhound-americano.jpg;https://www.caniincasa.it/razze_di_cani/foxhound-americano/;foxhound-americano;Foxhound americano
516;Galgo espanol;https://www.caniincasa.it/wp-content/uploads/2023/10/Galgo-espanol.jpg;Galgo-espanol.jpg;https://www.caniincasa.it/razze_di_cani/galgo-espanol/;galgo-espanol;Galgo espanol
517;Gammel dansk honsenhund;https://www.caniincasa.it/wp-content/uploads/2023/10/Gammel-dansk-honsenhund.jpg;Gammel-dansk-honsenhund.jpg;https://www.caniincasa.it/razze_di_cani/gammel-dansk-honsenhund/;gammel-dansk-honsenhund;Gammel dansk honsenhund
518;Gascogne saintongeois;https://www.caniincasa.it/wp-content/uploads/2023/10/Gascogne-saintongeois.jpg;Gascogne-saintongeois.jpg;https://www.caniincasa.it/razze_di_cani/gascogne-saintongeois/;gascogne-saintongeois;Gascogne saintongeois
519;Golden retriever;https://www.caniincasa.it/wp-content/uploads/2023/10/Golden-retriever.jpg;Golden-retriever.jpg;https://www.caniincasa.it/razze_di_cani/golden-retriever/;golden-retriever;Golden retriever
520;Gonczy polski;https://www.caniincasa.it/wp-content/uploads/2023/10/Gonczy-Polski.jpg;Gonczy-Polski.jpg;https://www.caniincasa.it/razze_di_cani/gonczy-polski/;gonczy-polski;Gonczy polski
521;Grand anglo francais;https://www.caniincasa.it/wp-content/uploads/2023/10/Grand-anglo-francais.jpg;Grand-anglo-francais.jpg;https://www.caniincasa.it/razze_di_cani/grand-anglo-francais/;grand-anglo-francais;Grand anglo francais
522;Grand basset griffon vendeen;https://www.caniincasa.it/wp-content/uploads/2023/10/Grand-basset-griffon-vendeen.jpg;Grand-basset-griffon-vendeen.jpg;https://www.caniincasa.it/razze_di_cani/grand-basset-griffon-vendeen/;grand-basset-griffon-vendeen;Grand basset griffon vendeen
523;Grand bleu de gascogne;https://www.caniincasa.it/wp-content/uploads/2023/10/Grand-bleu-de-gascogne.jpg;Grand-bleu-de-gascogne.jpg;https://www.caniincasa.it/razze_di_cani/grand-bleu-de-gascogne/;grand-bleu-de-gascogne;Grand bleu de gascogne
524;Grand griffon vendeen;https://www.caniincasa.it/wp-content/uploads/2023/10/Grand-griffon-vendeen.jpg;Grand-griffon-vendeen.jpg;https://www.caniincasa.it/razze_di_cani/grand-griffon-vendeen/;grand-griffon-vendeen;Grand griffon vendeen
525;Grande bovaro svizzero;https://www.caniincasa.it/wp-content/uploads/2023/10/Grande-bovaro-svizzero.jpg;Grande-bovaro-svizzero.jpg;https://www.caniincasa.it/razze_di_cani/grande-bovaro-svizzero/;grande-bovaro-svizzero;Grande bovaro svizzero
526;Grande muensterlander;https://www.caniincasa.it/wp-content/uploads/2023/10/Grande-muensterlander.jpg;Grande-muensterlander.jpg;https://www.caniincasa.it/razze_di_cani/grande-muensterlander/;grande-muensterlander;Grande muensterlander
527;Greyhound;https://www.caniincasa.it/wp-content/uploads/2023/10/Greyhound.jpg;Greyhound.jpg;https://www.caniincasa.it/razze_di_cani/greyhound/;greyhound;Greyhound
528;Griffon bleu de gascogne;https://www.caniincasa.it/wp-content/uploads/2023/10/Griffon-bleu-de-gascogne.jpg;Griffon-bleu-de-gascogne.jpg;https://www.caniincasa.it/razze_di_cani/griffon-bleu-de-gascogne/;griffon-bleu-de-gascogne;Griffon bleu de gascogne
529;Griffon fauve de bretagne;https://www.caniincasa.it/wp-content/uploads/2023/10/Griffon-fauve-de-bretagne.jpg;Griffon-fauve-de-bretagne.jpg;https://www.caniincasa.it/razze_di_cani/griffon-fauve-de-bretagne/;griffon-fauve-de-bretagne;Griffon fauve de bretagne
530;Griffon nivernais;https://www.caniincasa.it/wp-content/uploads/2023/10/Griffon-nivernais-1.jpg;Griffon-nivernais-1.jpg;https://www.caniincasa.it/razze_di_cani/griffon-nivernais/;griffon-nivernais;Griffon nivernais
531;Griffone a pelo duro (korthals);https://www.caniincasa.it/wp-content/uploads/2023/10/Griffone-a-pelo-duro-korthals.jpg;Griffone-a-pelo-duro-korthals.jpg;https://www.caniincasa.it/razze_di_cani/griffone-a-pelo-duro-korthals/;griffone-a-pelo-duro-korthals;Griffone a pelo duro (korthals)
532;Griffone belga;https://www.caniincasa.it/wp-content/uploads/2023/10/Griffone-belga.jpg;Griffone-belga.jpg;https://www.caniincasa.it/razze_di_cani/griffone-belga/;griffone-belga;Griffone belga
533;Griffone di bruxelles;https://www.caniincasa.it/wp-content/uploads/2023/10/Griffone-di-bruxelles.jpg;Griffone-di-bruxelles.jpg;https://www.caniincasa.it/razze_di_cani/griffone-di-bruxelles/;griffone-di-bruxelles;Griffone di bruxelles
534;Groenlandese;https://www.caniincasa.it/wp-content/uploads/2023/10/Groenlandese.jpg;Groenlandese.jpg;https://www.caniincasa.it/razze_di_cani/groenlandese/;groenlandese;Groenlandese
535;Haldenstovare;https://www.caniincasa.it/wp-content/uploads/2023/10/Haldenstovare.jpeg;Haldenstovare.jpeg;https://www.caniincasa.it/razze_di_cani/haldenstovare/;haldenstovare;Haldenstovare
536;Hamilton stovare;https://www.caniincasa.it/wp-content/uploads/2023/10/Hamilton-stovare.jpg;Hamilton-stovare.jpg;https://www.caniincasa.it/razze_di_cani/hamilton-stovare/;hamilton-stovare;Hamilton stovare
537;Hannoverischer schweisshund;https://www.caniincasa.it/wp-content/uploads/2023/10/Hannoverischer-schweisshund.jpg;Hannoverischer-schweisshund.jpg;https://www.caniincasa.it/razze_di_cani/hannoverischer-schweisshund/;hannoverischer-schweisshund;Hannoverischer schweisshund
538;Harrier;https://www.caniincasa.it/wp-content/uploads/2023/10/Harrier.jpg;Harrier.jpg;https://www.caniincasa.it/razze_di_cani/harrier/;harrier;Harrier
539;Hokkaido;https://www.caniincasa.it/wp-content/uploads/2023/10/Hokkaido.jpg;Hokkaido.jpg;https://www.caniincasa.it/razze_di_cani/hokkaido/;hokkaido;Hokkaido
540;Hovawart;https://www.caniincasa.it/wp-content/uploads/2023/10/Hovawart.jpg;Hovawart.jpg;https://www.caniincasa.it/razze_di_cani/hovawart/;hovawart;Hovawart
541;Hyghenhund;https://www.caniincasa.it/wp-content/uploads/2023/10/Hygenhund.jpg;Hygenhund.jpg;https://www.caniincasa.it/razze_di_cani/hyghenhund/;hyghenhund;Hyghenhund
542;Iceland dog- cane da pastore di islanda;https://www.caniincasa.it/wp-content/uploads/2023/10/Iceland-dog-cane-da-pastore-di-islanda.jpg;Iceland-dog-cane-da-pastore-di-islanda.jpg;https://www.caniincasa.it/razze_di_cani/iceland-dog-cane-da-pastore-di-islanda/;iceland-dog-cane-da-pastore-di-islanda;Iceland dog- cane da pastore di islanda
543;Irish glen of imaal terrier;https://www.caniincasa.it/wp-content/uploads/2023/10/Irish-glen-of-imaal-terrier.jpg;Irish-glen-of-imaal-terrier.jpg;https://www.caniincasa.it/razze_di_cani/irish-glen-of-imaal-terrier/;irish-glen-of-imaal-terrier;Irish glen of imaal terrier
544;Irish soft-coated wheaten terrier;https://www.caniincasa.it/wp-content/uploads/2023/10/Irish-soft-coated-wheaten-terrier.jpg;Irish-soft-coated-wheaten-terrier.jpg;https://www.caniincasa.it/razze_di_cani/irish-soft-coated-wheaten-terrier/;irish-soft-coated-wheaten-terrier;Irish soft-coated wheaten terrier
545;Irish terrier;https://www.caniincasa.it/wp-content/uploads/2023/10/Irish-terrier.jpg;Irish-terrier.jpg;https://www.caniincasa.it/razze_di_cani/irish-terrier/;irish-terrier;Irish terrier
546;Irish water spaniel;https://www.caniincasa.it/wp-content/uploads/2023/10/Irish-water-spaniel.jpg;Irish-water-spaniel.jpg;https://www.caniincasa.it/razze_di_cani/irish-water-spaniel/;irish-water-spaniel;Irish water spaniel
547;Irish wolfhound;https://www.caniincasa.it/wp-content/uploads/2023/10/Irish-wolfhound.jpg;Irish-wolfhound.jpg;https://www.caniincasa.it/razze_di_cani/irish-wolfhound/;irish-wolfhound;Irish wolfhound
548;Jack russell terrier;https://www.caniincasa.it/wp-content/uploads/2023/10/Jack-russell-terrier.jpg;Jack-russell-terrier.jpg;https://www.caniincasa.it/razze_di_cani/jack-russell-terrier/;jack-russell-terrier;Jack russell terrier
549;Jamthund;https://www.caniincasa.it/wp-content/uploads/2023/10/Jamthund.jpg;Jamthund.jpg;https://www.caniincasa.it/razze_di_cani/jamthund/;jamthund;Jamthund
550;Kai;https://www.caniincasa.it/wp-content/uploads/2023/10/Kai.jpg;Kai.jpg;https://www.caniincasa.it/razze_di_cani/kai/;kai;Kai
551;Kerry blue terrier;https://www.caniincasa.it/wp-content/uploads/2023/10/Kerry-blue-terrier.jpg;Kerry-blue-terrier.jpg;https://www.caniincasa.it/razze_di_cani/kerry-blue-terrier/;kerry-blue-terrier;Kerry blue terrier
552;King charles spaniel;https://www.caniincasa.it/wp-content/uploads/2023/10/King-charles-spaniel.jpg;King-charles-spaniel.jpg;https://www.caniincasa.it/razze_di_cani/king-charles-spaniel/;king-charles-spaniel;King charles spaniel
553;Kishu;https://www.caniincasa.it/wp-content/uploads/2023/10/Kishu.jpg;Kishu.jpg;https://www.caniincasa.it/razze_di_cani/kishu/;kishu;Kishu
554;Komondor;https://www.caniincasa.it/wp-content/uploads/2023/10/Komondor-1-1.jpg;Komondor-1-1.jpg;https://www.caniincasa.it/razze_di_cani/komondor/;komondor;Komondor
555;Kooikerhondje;https://www.caniincasa.it/wp-content/uploads/2023/10/Kooikerhondje.jpg;Kooikerhondje.jpg;https://www.caniincasa.it/razze_di_cani/kooikerhondje/;kooikerhondje;Kooikerhondje
556;Korea jindo dog;https://www.caniincasa.it/wp-content/uploads/2023/10/Korea-jindo-dog.jpg;Korea-jindo-dog.jpg;https://www.caniincasa.it/razze_di_cani/korea-jindo-dog/;korea-jindo-dog;Korea jindo dog
557;Kromforhlander;https://www.caniincasa.it/wp-content/uploads/2023/10/Kromforhlander.jpg;Kromforhlander.jpg;https://www.caniincasa.it/razze_di_cani/kromforhlander/;kromforhlander;Kromforhlander
558;Kuvasz;https://www.caniincasa.it/wp-content/uploads/2023/10/Kuvasz.jpg;Kuvasz.jpg;https://www.caniincasa.it/razze_di_cani/kuvasz/;kuvasz;Kuvasz
559;Labrador retriever;https://www.caniincasa.it/wp-content/uploads/2023/10/Labrador-retriever.jpg;Labrador-retriever.jpg;https://www.caniincasa.it/razze_di_cani/labrador-retriever/;labrador-retriever;Labrador retriever
560;Lagotto romagnolo;https://www.caniincasa.it/wp-content/uploads/2023/10/Lagotto-romagnolo.jpg;Lagotto-romagnolo.jpg;https://www.caniincasa.it/razze_di_cani/lagotto-romagnolo/;lagotto-romagnolo;Lagotto romagnolo
561;Laika della siberia;https://www.caniincasa.it/wp-content/uploads/2023/10/Laika-della-siberia.jpg;Laika-della-siberia.jpg;https://www.caniincasa.it/razze_di_cani/laika-della-siberia/;laika-della-siberia;Laika della siberia
562;Laika russo-europeo;https://www.caniincasa.it/wp-content/uploads/2023/10/Laika-russo-europeo.jpg;Laika-russo-europeo.jpg;https://www.caniincasa.it/razze_di_cani/laika-russo-europeo/;laika-russo-europeo;Laika russo-europeo
563;Lakeland terrier;https://www.caniincasa.it/wp-content/uploads/2023/10/Lakeland-terrier.jpg;Lakeland-terrier.jpg;https://www.caniincasa.it/razze_di_cani/lakeland-terrier/;lakeland-terrier;Lakeland terrier
564;Landseer;https://www.caniincasa.it/wp-content/uploads/2023/10/Landseer.jpg;Landseer.jpg;https://www.caniincasa.it/razze_di_cani/landseer/;landseer;Landseer
565;Lapinkoira;https://www.caniincasa.it/wp-content/uploads/2023/10/lapinkoira.jpg;lapinkoira.jpg;https://www.caniincasa.it/razze_di_cani/lapinkoira/;lapinkoira;Lapinkoira
566;Leonberger;https://www.caniincasa.it/wp-content/uploads/2023/10/Leonberger.jpg;Leonberger.jpg;https://www.caniincasa.it/razze_di_cani/leonberger/;leonberger;Leonberger
567;Levriero afgano;https://www.caniincasa.it/wp-content/uploads/2023/10/Levriero-afgano.jpg;Levriero-afgano.jpg;https://www.caniincasa.it/razze_di_cani/levriero-afgano/;levriero-afgano;Levriero afgano
568;Levriero polacco;https://www.caniincasa.it/wp-content/uploads/2023/10/levriero-polacco-.jpg;levriero-polacco-.jpg;https://www.caniincasa.it/razze_di_cani/levriero-polacco/;levriero-polacco;Levriero polacco
569;Lhasa apso;https://www.caniincasa.it/wp-content/uploads/2023/10/Lhasa-apso.jpg;Lhasa-apso.jpg;https://www.caniincasa.it/razze_di_cani/lhasa-apso/;lhasa-apso;Lhasa apso
570;Magyar agar;https://www.caniincasa.it/wp-content/uploads/2023/10/Magyar-agar.jpg;Magyar-agar.jpg;https://www.caniincasa.it/razze_di_cani/magyar-agar/;magyar-agar;Magyar agar
571;Maltese;https://www.caniincasa.it/wp-content/uploads/2023/10/Maltese.jpg;Maltese.jpg;https://www.caniincasa.it/razze_di_cani/maltese/;maltese;Maltese
572;Manchester terrier;https://www.caniincasa.it/wp-content/uploads/2023/10/Manchester-terrier.jpg;Manchester-terrier.jpg;https://www.caniincasa.it/razze_di_cani/manchester-terrier/;manchester-terrier;Manchester terrier
573;Mastiff;https://www.caniincasa.it/wp-content/uploads/2023/10/Mastiff.jpg;Mastiff.jpg;https://www.caniincasa.it/razze_di_cani/mastiff/;mastiff;Mastiff
574;Mastino dei pirenei;https://www.caniincasa.it/wp-content/uploads/2023/10/Mastino-dei-pirenei.jpg;Mastino-dei-pirenei.jpg;https://www.caniincasa.it/razze_di_cani/mastino-dei-pirenei/;mastino-dei-pirenei;Mastino dei pirenei
575;Mastino napoletano;https://www.caniincasa.it/wp-content/uploads/2023/10/Mastino-napoletano.jpg;Mastino-napoletano.jpg;https://www.caniincasa.it/razze_di_cani/mastino-napoletano/;mastino-napoletano;Mastino napoletano
576;Mastino spagnolo;https://www.caniincasa.it/wp-content/uploads/2023/10/Mastino-spagnolo.jpg;Mastino-spagnolo.jpg;https://www.caniincasa.it/razze_di_cani/mastino-spagnolo/;mastino-spagnolo;Mastino spagnolo
577;Mudi;https://www.caniincasa.it/wp-content/uploads/2023/10/Mudi.jpg;Mudi.jpg;https://www.caniincasa.it/razze_di_cani/mudi/;mudi;Mudi
578;Norbottenspets;https://www.caniincasa.it/wp-content/uploads/2023/10/Norbottenspets.jpg;Norbottenspets.jpg;https://www.caniincasa.it/razze_di_cani/norbottenspets/;norbottenspets;Norbottenspets
579;Norfolk terrier;https://www.caniincasa.it/wp-content/uploads/2023/10/Norfolk-terrier.jpg;Norfolk-terrier.jpg;https://www.caniincasa.it/razze_di_cani/norfolk-terrier/;norfolk-terrier;Norfolk terrier
580;Norsk buhund;https://www.caniincasa.it/wp-content/uploads/2023/10/Norsk-buhund.jpg;Norsk-buhund.jpg;https://www.caniincasa.it/razze_di_cani/norsk-buhund/;norsk-buhund;Norsk buhund
581;Norsk elghund;https://www.caniincasa.it/wp-content/uploads/2023/10/Norsk-elghund.jpg;Norsk-elghund.jpg;https://www.caniincasa.it/razze_di_cani/norsk-elghund/;norsk-elghund;Norsk elghund
582;Norsk lundehund;https://www.caniincasa.it/wp-content/uploads/2023/10/Norsk-lundehund.jpg;Norsk-lundehund.jpg;https://www.caniincasa.it/razze_di_cani/norsk-lundehund/;norsk-lundehund;Norsk lundehund
583;Norwich terrier;https://www.caniincasa.it/wp-content/uploads/2023/10/Norwich-terrier.jpg;Norwich-terrier.jpg;https://www.caniincasa.it/razze_di_cani/norwich-terrier/;norwich-terrier;Norwich terrier
584;Nova scotia duck tolling retriever;https://www.caniincasa.it/wp-content/uploads/2023/10/Nova-scotia-duck-tolling-retriever.jpg;Nova-scotia-duck-tolling-retriever.jpg;https://www.caniincasa.it/razze_di_cani/nova-scotia-duck-tolling-retriever/;nova-scotia-duck-tolling-retriever;Nova scotia duck tolling retriever
585;Parson russell terrier;https://www.caniincasa.it/wp-content/uploads/2023/10/Parson-russell-terrier.jpg;Parson-russell-terrier.jpg;https://www.caniincasa.it/razze_di_cani/parson-russell-terrier/;parson-russell-terrier;Parson russell terrier
586;Pastore svizzero bianco;https://www.caniincasa.it/wp-content/uploads/2023/10/Pastore-svizzero-bianco.jpg;Pastore-svizzero-bianco.jpg;https://www.caniincasa.it/razze_di_cani/pastore-svizzero-bianco/;pastore-svizzero-bianco;Pastore svizzero bianco
587;Pastore tedesco;https://www.caniincasa.it/wp-content/uploads/2023/10/Pastore-tedesco-2.jpg;Pastore-tedesco-2.jpg;https://www.caniincasa.it/razze_di_cani/pastore-tedesco/;pastore-tedesco;Pastore tedesco
588;Pechinese;https://www.caniincasa.it/wp-content/uploads/2023/10/Pechinese-1.jpg;Pechinese-1.jpg;https://www.caniincasa.it/razze_di_cani/pechinese/;pechinese;Pechinese
589;Perro de agua espanol;https://www.caniincasa.it/wp-content/uploads/2023/10/Perro-de-agua-espanol-1.jpg;Perro-de-agua-espanol-1.jpg;https://www.caniincasa.it/razze_di_cani/perro-de-agua-espanol/;perro-de-agua-espanol;Perro de agua espanol
590;Perro dogo mallorquin;https://www.caniincasa.it/wp-content/uploads/2023/10/Perro-dogo-mallorquin-1.jpg;Perro-dogo-mallorquin-1.jpg;https://www.caniincasa.it/razze_di_cani/perro-dogo-mallorquin/;perro-dogo-mallorquin;Perro dogo mallorquin
591;Perro sin pelo del peru’;https://www.caniincasa.it/wp-content/uploads/2023/10/Perro-sin-pelo-del-peru-1.jpg;Perro-sin-pelo-del-peru-1.jpg;https://www.caniincasa.it/razze_di_cani/perro-sin-pelo-del-peru/;perro-sin-pelo-del-peru;Perro sin pelo del peru’
592;Petit basset griffon vendeen;https://www.caniincasa.it/wp-content/uploads/2023/10/Petit-basset-griffon-vendeen-1.jpg;Petit-basset-griffon-vendeen-1.jpg;https://www.caniincasa.it/razze_di_cani/petit-basset-griffon-vendeen/;petit-basset-griffon-vendeen;Petit basset griffon vendeen
593;Petit bleu de gascogne;https://www.caniincasa.it/wp-content/uploads/2023/10/Petit-bleu-de-gascogne-1.jpg;Petit-bleu-de-gascogne-1.jpg;https://www.caniincasa.it/razze_di_cani/petit-bleu-de-gascogne/;petit-bleu-de-gascogne;Petit bleu de gascogne
594;Pharaon hound;https://www.caniincasa.it/wp-content/uploads/2023/10/Pharaon-hound-1.jpg;Pharaon-hound-1.jpg;https://www.caniincasa.it/razze_di_cani/pharaon-hound/;pharaon-hound;Pharaon hound
595;Piccolo brabantino;https://www.caniincasa.it/wp-content/uploads/2023/10/Piccolo-brabantino-1.jpg;Piccolo-brabantino-1.jpg;https://www.caniincasa.it/razze_di_cani/piccolo-brabantino/;piccolo-brabantino;Piccolo brabantino
596;Piccolo cane leone;https://www.caniincasa.it/wp-content/uploads/2023/10/Piccolo-cane-leone-1.jpg;Piccolo-cane-leone-1.jpg;https://www.caniincasa.it/razze_di_cani/piccolo-cane-leone/;piccolo-cane-leone;Piccolo cane leone
597;Piccolo levriero italiano;https://www.caniincasa.it/wp-content/uploads/2023/10/Piccolo-levriero-italiano-1.jpg;Piccolo-levriero-italiano-1.jpg;https://www.caniincasa.it/razze_di_cani/piccolo-levriero-italiano/;piccolo-levriero-italiano;Piccolo levriero italiano
598;Piccolo muensterlander;https://www.caniincasa.it/wp-content/uploads/2023/10/Piccolo-muensterlander.jpg;Piccolo-muensterlander.jpg;https://www.caniincasa.it/razze_di_cani/piccolo-muensterlander/;piccolo-muensterlander;Piccolo muensterlander
599;Piccolo segugio della svizzera;https://www.caniincasa.it/wp-content/uploads/2023/10/Piccolo-segugio-della-svizzera.jpg;Piccolo-segugio-della-svizzera.jpg;https://www.caniincasa.it/razze_di_cani/piccolo-segugio-della-svizzera/;piccolo-segugio-della-svizzera;Piccolo segugio della svizzera
600;Podenco canario;https://www.caniincasa.it/wp-content/uploads/2023/10/Podenco-canario.jpg;Podenco-canario.jpg;https://www.caniincasa.it/razze_di_cani/podenco-canario/;podenco-canario;Podenco canario
601;Podenco ibicenco;https://www.caniincasa.it/wp-content/uploads/2023/10/Podenco-ibicenco.jpg;Podenco-ibicenco.jpg;https://www.caniincasa.it/razze_di_cani/podenco-ibicenco/;podenco-ibicenco;Podenco ibicenco
602;Podengo portugues;https://www.caniincasa.it/wp-content/uploads/2023/10/Podengo-portugues.jpg;Podengo-portugues.jpg;https://www.caniincasa.it/razze_di_cani/podengo-portugues/;podengo-portugues;Podengo portugues
603;Pointer inglese;https://www.caniincasa.it/wp-content/uploads/2023/10/Pointer-inglese.jpg;Pointer-inglese.jpg;https://www.caniincasa.it/razze_di_cani/pointer-inglese/;pointer-inglese;Pointer inglese
604;Poitevin;https://www.caniincasa.it/wp-content/uploads/2023/10/Poitevin.jpg;Poitevin.jpg;https://www.caniincasa.it/razze_di_cani/poitevin/;poitevin;Poitevin
605;Porcelaine;https://www.caniincasa.it/wp-content/uploads/2023/10/Porcelaine.jpg;Porcelaine.jpg;https://www.caniincasa.it/razze_di_cani/porcelaine/;porcelaine;Porcelaine
606;Pudel pointer;https://www.caniincasa.it/wp-content/uploads/2023/10/Pudel-pointer.jpg;Pudel-pointer.jpg;https://www.caniincasa.it/razze_di_cani/pudel-pointer/;pudel-pointer;Pudel pointer
607;Puli;https://www.caniincasa.it/wp-content/uploads/2023/10/Puli.jpg;Puli.jpg;https://www.caniincasa.it/razze_di_cani/puli/;puli;Puli
608;Pumi;https://www.caniincasa.it/wp-content/uploads/2023/10/Pumi.jpg;Pumi.jpg;https://www.caniincasa.it/razze_di_cani/pumi/;pumi;Pumi
609;Rafeiro do alentejo;https://www.caniincasa.it/wp-content/uploads/2023/10/Rafeiro-do-alentejo.jpg;Rafeiro-do-alentejo.jpg;https://www.caniincasa.it/razze_di_cani/rafeiro-do-alentejo/;rafeiro-do-alentejo;Rafeiro do alentejo
610;Rhodesian ridgeback;https://www.caniincasa.it/wp-content/uploads/2023/10/Rhodesian-ridgeback.jpg;Rhodesian-ridgeback.jpg;https://www.caniincasa.it/razze_di_cani/rhodesian-ridgeback/;rhodesian-ridgeback;Rhodesian ridgeback
611;Riesenschnauzer;https://www.caniincasa.it/wp-content/uploads/2023/10/Riesenschnauzer.jpg;Riesenschnauzer.jpg;https://www.caniincasa.it/razze_di_cani/riesenschnauzer/;riesenschnauzer;Riesenschnauzer
614;Romanian carpathian sheperd dog;https://www.caniincasa.it/wp-content/uploads/2023/10/ROMANIAN-CARPATHIAN-SHEPERD.jpg;ROMANIAN-CARPATHIAN-SHEPERD.jpg;https://www.caniincasa.it/razze_di_cani/romanian-carpathian-sheperd-dog/;romanian-carpathian-sheperd-dog;Romanian carpathian sheperd dog
615;Romanian mioritic sheperd dog;https://www.caniincasa.it/wp-content/uploads/2023/10/ROMANIAN-MIORITIC-SHEPERD.jpg;ROMANIAN-MIORITIC-SHEPERD.jpg;https://www.caniincasa.it/razze_di_cani/romanian-mioritic-sheperd-dog/;romanian-mioritic-sheperd-dog;Romanian mioritic sheperd dog
616;Rottweiler;https://www.caniincasa.it/wp-content/uploads/2023/10/Rottweiler.jpg;Rottweiler.jpg;https://www.caniincasa.it/razze_di_cani/rottweiler/;rottweiler;Rottweiler
617;Russian toy;https://www.caniincasa.it/wp-content/uploads/2023/10/Russian-toy.jpg;Russian-toy.jpg;https://www.caniincasa.it/razze_di_cani/russian-toy/;russian-toy;Russian toy
618;Sabueso espagnol;https://www.caniincasa.it/wp-content/uploads/2023/10/Sabueso-espagnol.jpeg;Sabueso-espagnol.jpeg;https://www.caniincasa.it/razze_di_cani/sabueso-espagnol/;sabueso-espagnol;Sabueso espagnol
619;Saluki;https://www.caniincasa.it/wp-content/uploads/2023/10/Saluki.jpg;Saluki.jpg;https://www.caniincasa.it/razze_di_cani/saluki/;saluki;Saluki
620;Samoiedo;https://www.caniincasa.it/wp-content/uploads/2023/10/Samoiedo.jpg;Samoiedo.jpg;https://www.caniincasa.it/razze_di_cani/samoiedo/;samoiedo;Samoiedo
621;Schapendoes;https://www.caniincasa.it/wp-content/uploads/2023/10/Schapendoes.jpg;Schapendoes.jpg;https://www.caniincasa.it/razze_di_cani/schapendoes/;schapendoes;Schapendoes
622;Schiller stovare;https://www.caniincasa.it/wp-content/uploads/2023/10/Schiller-stovare.jpg;Schiller-stovare.jpg;https://www.caniincasa.it/razze_di_cani/schiller-stovare/;schiller-stovare;Schiller stovare
623;Schipperkee;https://www.caniincasa.it/wp-content/uploads/2023/10/Schipperkee.jpeg;Schipperkee.jpeg;https://www.caniincasa.it/razze_di_cani/schipperkee/;schipperkee;Schipperkee
624;Schnauzer;https://www.caniincasa.it/wp-content/uploads/2023/10/Schnauzer.jpg;Schnauzer.jpg;https://www.caniincasa.it/razze_di_cani/schnauzer/;schnauzer;Schnauzer
625;Scottish terrier;https://www.caniincasa.it/wp-content/uploads/2023/10/Scottish-terrier.jpg;Scottish-terrier.jpg;https://www.caniincasa.it/razze_di_cani/scottish-terrier/;scottish-terrier;Scottish terrier
626;Sealyham terrier;https://www.caniincasa.it/wp-content/uploads/2023/10/Sealyham-terrier.jpg;Sealyham-terrier.jpg;https://www.caniincasa.it/razze_di_cani/sealyham-terrier/;sealyham-terrier;Sealyham terrier
627;Segugi svizzeri;https://www.caniincasa.it/wp-content/uploads/2023/10/Segugi-svizzeri.jpg;Segugi-svizzeri.jpg;https://www.caniincasa.it/razze_di_cani/segugi-svizzeri/;segugi-svizzeri;Segugi svizzeri
628;Segugio austriaco nero focato;https://www.caniincasa.it/wp-content/uploads/2023/10/Segugio-austriaco-nero-focato.jpg;Segugio-austriaco-nero-focato.jpg;https://www.caniincasa.it/razze_di_cani/segugio-austriaco-nero-focato/;segugio-austriaco-nero-focato;Segugio austriaco nero focato
629;Segugio dei balcani;https://www.caniincasa.it/wp-content/uploads/2023/10/Segugio-dei-balcani.jpg;Segugio-dei-balcani.jpg;https://www.caniincasa.it/razze_di_cani/segugio-dei-balcani/;segugio-dei-balcani;Segugio dei balcani
630;Segugio dell’appennino;https://www.caniincasa.it/wp-content/uploads/2023/10/Segugio-dellappennino.jpg;Segugio-dellappennino.jpg;https://www.caniincasa.it/razze_di_cani/segugio-dellappennino/;segugio-dellappennino;Segugio dell’appennino
631;Segugio dell’istria;https://www.caniincasa.it/wp-content/uploads/2023/10/Segugio-dellistria.jpg;Segugio-dellistria.jpg;https://www.caniincasa.it/razze_di_cani/segugio-dellistria/;segugio-dellistria;Segugio dell’istria
632;Segugio della bosnia a pelo duro;https://www.caniincasa.it/wp-content/uploads/2023/10/Segugio-della-bosnia-a-pelo-duro.jpg;Segugio-della-bosnia-a-pelo-duro.jpg;https://www.caniincasa.it/razze_di_cani/segugio-della-bosnia-a-pelo-duro/;segugio-della-bosnia-a-pelo-duro;Segugio della bosnia a pelo duro
633;Segugio della stiria a pelo ruvido;https://www.caniincasa.it/wp-content/uploads/2023/10/Segugio-della-stiria-a-pelo-ruvido.jpg;Segugio-della-stiria-a-pelo-ruvido.jpg;https://www.caniincasa.it/razze_di_cani/segugio-della-stiria-a-pelo-ruvido/;segugio-della-stiria-a-pelo-ruvido;Segugio della stiria a pelo ruvido
634;Segugio della transilvania;https://www.caniincasa.it/wp-content/uploads/2023/10/Segugio-della-transilvania.jpg;Segugio-della-transilvania.jpg;https://www.caniincasa.it/razze_di_cani/segugio-della-transilvania/;segugio-della-transilvania;Segugio della transilvania
635;Segugio della westfalia;https://www.caniincasa.it/wp-content/uploads/2023/10/Segugio-della-westfalia.jpg;Segugio-della-westfalia.jpg;https://www.caniincasa.it/razze_di_cani/segugio-della-westfalia/;segugio-della-westfalia;Segugio della westfalia
636;Segugio ellenico;https://www.caniincasa.it/wp-content/uploads/2023/10/segugio-ellenico.jpg;segugio-ellenico.jpg;https://www.caniincasa.it/razze_di_cani/segugio-ellenico/;segugio-ellenico;Segugio ellenico
637;Segugio finlandese;https://www.caniincasa.it/wp-content/uploads/2023/10/Segugio-finlandese.jpg;Segugio-finlandese.jpg;https://www.caniincasa.it/razze_di_cani/segugio-finlandese/;segugio-finlandese;Segugio finlandese
638;Segugio italiano;https://www.caniincasa.it/wp-content/uploads/2023/10/Segugio-italiano.jpg;Segugio-italiano.jpg;https://www.caniincasa.it/razze_di_cani/segugio-italiano/;segugio-italiano;Segugio italiano
639;Segugio maremmano;https://www.caniincasa.it/wp-content/uploads/2023/10/Segugio-maremmano.jpg;Segugio-maremmano.jpg;https://www.caniincasa.it/razze_di_cani/segugio-maremmano/;segugio-maremmano;Segugio maremmano
640;Segugio polacco;https://www.caniincasa.it/wp-content/uploads/2023/10/Segugio-polacco.jpg;Segugio-polacco.jpg;https://www.caniincasa.it/razze_di_cani/segugio-polacco/;segugio-polacco;Segugio polacco
641;Segugio posavatz;https://www.caniincasa.it/wp-content/uploads/2023/10/Segugio-posavatz.jpg;Segugio-posavatz.jpg;https://www.caniincasa.it/razze_di_cani/segugio-posavatz/;segugio-posavatz;Segugio posavatz
642;Segugio tedesco;https://www.caniincasa.it/wp-content/uploads/2023/10/Segugio-della-tedesco.jpg;Segugio-della-tedesco.jpg;https://www.caniincasa.it/razze_di_cani/segugio-tedesco/;segugio-tedesco;Segugio tedesco
643;Segugio tirolese;https://www.caniincasa.it/wp-content/uploads/2023/10/segugio-tirolese-scaled-1.jpg;segugio-tirolese-scaled-1.jpg;https://www.caniincasa.it/razze_di_cani/segugio-tirolese/;segugio-tirolese;Segugio tirolese
644;Segugio tricolore jugoslavo;https://www.caniincasa.it/wp-content/uploads/2023/10/Segugio-tricolore-jugoslavo.jpg;Segugio-tricolore-jugoslavo.jpg;https://www.caniincasa.it/razze_di_cani/segugio-tricolore-jugoslavo/;segugio-tricolore-jugoslavo;Segugio tricolore jugoslavo
645;Segugio yugoslavo da montagna;https://www.caniincasa.it/wp-content/uploads/2023/10/Segugio-jugoslavo-da-montagna.jpg;Segugio-jugoslavo-da-montagna.jpg;https://www.caniincasa.it/razze_di_cani/segugio-yugoslavo-da-montagna/;segugio-yugoslavo-da-montagna;Segugio yugoslavo da montagna
646;Setter gordon;https://www.caniincasa.it/wp-content/uploads/2023/10/Setter-gordon.jpg;Setter-gordon.jpg;https://www.caniincasa.it/razze_di_cani/setter-gordon/;setter-gordon;Setter gordon
647;Setter inglese;https://www.caniincasa.it/wp-content/uploads/2023/10/Setter-inglese.jpg;Setter-inglese.jpg;https://www.caniincasa.it/razze_di_cani/setter-inglese/;setter-inglese;Setter inglese
648;Setter irlandese;https://www.caniincasa.it/wp-content/uploads/2023/10/Setter-irlandese.jpg;Setter-irlandese.jpg;https://www.caniincasa.it/razze_di_cani/setter-irlandese/;setter-irlandese;Setter irlandese
649;Shar pei;https://www.caniincasa.it/wp-content/uploads/2023/10/Shar-pei.jpg;Shar-pei.jpg;https://www.caniincasa.it/razze_di_cani/shar-pei/;shar-pei;Shar pei
650;Shiba;https://www.caniincasa.it/wp-content/uploads/2023/10/Shiba.jpg;Shiba.jpg;https://www.caniincasa.it/razze_di_cani/shiba/;shiba;Shiba
651;Shih tzu;https://www.caniincasa.it/wp-content/uploads/2023/10/Shih-tzu.jpg;Shih-tzu.jpg;https://www.caniincasa.it/razze_di_cani/shih-tzu/;shih-tzu;Shih tzu
652;Shikoku;https://www.caniincasa.it/wp-content/uploads/2023/10/Shikoku.jpg;Shikoku.jpg;https://www.caniincasa.it/razze_di_cani/shikoku/;shikoku;Shikoku
653;Siberian husky;https://www.caniincasa.it/wp-content/uploads/2023/10/Siberian-husky.jpg;Siberian-husky.jpg;https://www.caniincasa.it/razze_di_cani/siberian-husky/;siberian-husky;Siberian husky
654;Skye terrier;https://www.caniincasa.it/wp-content/uploads/2023/10/Skye-terrier.jpg;Skye-terrier.jpg;https://www.caniincasa.it/razze_di_cani/skye-terrier/;skye-terrier;Skye terrier
655;Sloughi;https://www.caniincasa.it/wp-content/uploads/2023/10/Sloughi.jpg;Sloughi.jpg;https://www.caniincasa.it/razze_di_cani/sloughi/;sloughi;Sloughi
656;Slovensky cuvac;https://www.caniincasa.it/wp-content/uploads/2023/10/Slovensky-cuvac.jpg;Slovensky-cuvac.jpg;https://www.caniincasa.it/razze_di_cani/slovensky-cuvac/;slovensky-cuvac;Slovensky cuvac
657;Slovensky kopov;https://www.caniincasa.it/wp-content/uploads/2023/10/Slovensky-kopov.jpg;Slovensky-kopov.jpg;https://www.caniincasa.it/razze_di_cani/slovensky-kopov/;slovensky-kopov;Slovensky kopov
658;Smaalandsstovare;https://www.caniincasa.it/wp-content/uploads/2023/10/Smaalandsstovare.jpg;Smaalandsstovare.jpg;https://www.caniincasa.it/razze_di_cani/smaalandsstovare/;smaalandsstovare;Smaalandsstovare
659;Smoushond olandese;https://www.caniincasa.it/wp-content/uploads/2023/10/Smoushond-olandese.jpg;Smoushond-olandese.jpg;https://www.caniincasa.it/razze_di_cani/smoushond-olandese/;smoushond-olandese;Smoushond olandese
660;Spaniel olandese;https://www.caniincasa.it/wp-content/uploads/2023/10/Spaniel-olandese.jpg;Spaniel-olandese.jpg;https://www.caniincasa.it/razze_di_cani/spaniel-olandese/;spaniel-olandese;Spaniel olandese
661;Spaniel tedesco;https://www.caniincasa.it/wp-content/uploads/2023/10/Spaniel-tedesco.jpg;Spaniel-tedesco.jpg;https://www.caniincasa.it/razze_di_cani/spaniel-tedesco/;spaniel-tedesco;Spaniel tedesco
662;Spinone italiano;https://www.caniincasa.it/wp-content/uploads/2023/10/Spinone-italiano.jpg;Spinone-italiano.jpg;https://www.caniincasa.it/razze_di_cani/spinone-italiano/;spinone-italiano;Spinone italiano
663;Spitz finnico;https://www.caniincasa.it/wp-content/uploads/2023/10/Spitz-finnico.jpg;Spitz-finnico.jpg;https://www.caniincasa.it/razze_di_cani/spitz-finnico/;spitz-finnico;Spitz finnico
664;Spitz giapponese;https://www.caniincasa.it/wp-content/uploads/2023/10/Spitz-giapponese.jpg;Spitz-giapponese.jpg;https://www.caniincasa.it/razze_di_cani/spitz-giapponese/;spitz-giapponese;Spitz giapponese
665;Spitz tedeschi;https://www.caniincasa.it/wp-content/uploads/2023/10/Spitz-tedeschi.jpg;Spitz-tedeschi.jpg;https://www.caniincasa.it/razze_di_cani/spitz-tedeschi/;spitz-tedeschi;Spitz tedeschi
666;Springer spaniel inglese;https://www.caniincasa.it/wp-content/uploads/2023/10/Springer-spaniel-inglese.jpg;Springer-spaniel-inglese.jpg;https://www.caniincasa.it/razze_di_cani/springer-spaniel-inglese/;springer-spaniel-inglese;Springer spaniel inglese
667;Stabyhound;https://www.caniincasa.it/wp-content/uploads/2023/10/Stabyhound.jpg;Stabyhound.jpg;https://www.caniincasa.it/razze_di_cani/stabyhound/;stabyhound;Stabyhound
668;Staffordshire bull terrier;https://www.caniincasa.it/wp-content/uploads/2023/10/Staffordshire-bull-terrier.jpg;Staffordshire-bull-terrier.jpg;https://www.caniincasa.it/razze_di_cani/staffordshire-bull-terrier/;staffordshire-bull-terrier;Staffordshire bull terrier
669;Sussex spaniel;https://www.caniincasa.it/wp-content/uploads/2023/10/Sussex-spaniel.jpg;Sussex-spaniel.jpg;https://www.caniincasa.it/razze_di_cani/sussex-spaniel/;sussex-spaniel;Sussex spaniel
670;Svensk lapphund;https://www.caniincasa.it/wp-content/uploads/2023/10/Svensk-lapphund.jpg;Svensk-lapphund.jpg;https://www.caniincasa.it/razze_di_cani/svensk-lapphund/;svensk-lapphund;Svensk lapphund
671;Taiwan dog;https://www.caniincasa.it/wp-content/uploads/2023/10/Taiwan-dog.jpg;Taiwan-dog.jpg;https://www.caniincasa.it/razze_di_cani/taiwan-dog/;taiwan-dog;Taiwan dog
672;Terranova;https://www.caniincasa.it/wp-content/uploads/2023/10/Terranova.jpg;Terranova.jpg;https://www.caniincasa.it/razze_di_cani/terranova/;terranova;Terranova
673;Terrier boemo;https://www.caniincasa.it/wp-content/uploads/2023/10/Cesky-terrier.jpg;Cesky-terrier.jpg;https://www.caniincasa.it/razze_di_cani/terrier-boemo/;terrier-boemo;Terrier boemo
674;Terrier brazileiro;https://www.caniincasa.it/wp-content/uploads/2023/10/Terrier-brazileiro-1.jpg;Terrier-brazileiro-1.jpg;https://www.caniincasa.it/razze_di_cani/terrier-brazileiro/;terrier-brazileiro;Terrier brazileiro
675;Terrier giapponese;https://www.caniincasa.it/wp-content/uploads/2023/10/Terrier-giapponese.jpg;Terrier-giapponese.jpg;https://www.caniincasa.it/razze_di_cani/terrier-giapponese/;terrier-giapponese;Terrier giapponese
676;Terrier nero russo;https://www.caniincasa.it/wp-content/uploads/2023/10/Terrier-nero-russo.jpg;Terrier-nero-russo.jpg;https://www.caniincasa.it/razze_di_cani/terrier-nero-russo/;terrier-nero-russo;Terrier nero russo
677;Thai bangkaew dog;https://www.caniincasa.it/wp-content/uploads/2023/10/Thai-bangkaew-dog.jpg;Thai-bangkaew-dog.jpg;https://www.caniincasa.it/razze_di_cani/thai-bangkaew-dog/;thai-bangkaew-dog;Thai bangkaew dog
678;Thai ridgeback dog;https://www.caniincasa.it/wp-content/uploads/2023/10/Thai-ridgeback-dog.jpg;Thai-ridgeback-dog.jpg;https://www.caniincasa.it/razze_di_cani/thai-ridgeback-dog/;thai-ridgeback-dog;Thai ridgeback dog
679;Tibetan mastiff;https://www.caniincasa.it/wp-content/uploads/2023/10/Tibetan-mastiff.jpg;Tibetan-mastiff.jpg;https://www.caniincasa.it/razze_di_cani/tibetan-mastiff/;tibetan-mastiff;Tibetan mastiff
680;Tibetan spaniel;https://www.caniincasa.it/wp-content/uploads/2023/10/Tibetan-spaniel.jpg;Tibetan-spaniel.jpg;https://www.caniincasa.it/razze_di_cani/tibetan-spaniel/;tibetan-spaniel;Tibetan spaniel
681;Tibetan terrier;https://www.caniincasa.it/wp-content/uploads/2023/10/Tibetan-terrier.jpg;Tibetan-terrier.jpg;https://www.caniincasa.it/razze_di_cani/tibetan-terrier/;tibetan-terrier;Tibetan terrier
682;Tornjak;https://www.caniincasa.it/wp-content/uploads/2023/10/Tornjak.jpg;Tornjak.jpg;https://www.caniincasa.it/razze_di_cani/tornjak/;tornjak;Tornjak
683;Tosa;https://www.caniincasa.it/wp-content/uploads/2023/10/Tosa.jpg;Tosa.jpg;https://www.caniincasa.it/razze_di_cani/tosa/;tosa;Tosa
684;Vastgotsaaspets;https://www.caniincasa.it/wp-content/uploads/2023/10/Vastgotsaaspets.jpg;Vastgotsaaspets.jpg;https://www.caniincasa.it/razze_di_cani/vastgotsaaspets/;vastgotsaaspets;Vastgotsaaspets
685;Volpino italiano;https://www.caniincasa.it/wp-content/uploads/2023/10/Volpino-italiano.jpg;Volpino-italiano.jpg;https://www.caniincasa.it/razze_di_cani/volpino-italiano/;volpino-italiano;Volpino italiano
686;Weimaraner;https://www.caniincasa.it/wp-content/uploads/2023/10/Weimaraner.jpg;Weimaraner.jpg;https://www.caniincasa.it/razze_di_cani/weimaraner/;weimaraner;Weimaraner
687;Welsh corgi pembroke;https://www.caniincasa.it/wp-content/uploads/2023/10/Welsh-corgi-pembroke.jpg;Welsh-corgi-pembroke.jpg;https://www.caniincasa.it/razze_di_cani/welsh-corgi-pembroke/;welsh-corgi-pembroke;Welsh corgi pembroke
688;Welsh corgie cardigan;https://www.caniincasa.it/wp-content/uploads/2023/10/Welsh-corgie-cardigan.jpg;Welsh-corgie-cardigan.jpg;https://www.caniincasa.it/razze_di_cani/welsh-corgie-cardigan/;welsh-corgie-cardigan;Welsh corgie cardigan
689;Welsh springer spaniel;https://www.caniincasa.it/wp-content/uploads/2023/10/Welsh-springer-spaniel.jpg;Welsh-springer-spaniel.jpg;https://www.caniincasa.it/razze_di_cani/welsh-springer-spaniel/;welsh-springer-spaniel;Welsh springer spaniel
690;Welsh terrier;https://www.caniincasa.it/wp-content/uploads/2023/10/Welsh-terrier.jpg;Welsh-terrier.jpg;https://www.caniincasa.it/razze_di_cani/welsh-terrier/;welsh-terrier;Welsh terrier
691;West highland white terrier;https://www.caniincasa.it/wp-content/uploads/2023/10/West-highland-white-terrier.jpg;West-highland-white-terrier.jpg;https://www.caniincasa.it/razze_di_cani/west-highland-white-terrier/;west-highland-white-terrier;West highland white terrier
692;Whippet;https://www.caniincasa.it/wp-content/uploads/2023/10/Whippet.jpg;Whippet.jpg;https://www.caniincasa.it/razze_di_cani/whippet/;whippet;Whippet
693;Xoloitzcuintle;https://www.caniincasa.it/wp-content/uploads/2023/10/Xoloitzcuintle.jpg;Xoloitzcuintle.jpg;https://www.caniincasa.it/razze_di_cani/xoloitzcuintle/;xoloitzcuintle;Xoloitzcuintle
694;Yorkshire terrier;https://www.caniincasa.it/wp-content/uploads/2023/10/Yorkshire-terrier.jpg;Yorkshire-terrier.jpg;https://www.caniincasa.it/razze_di_cani/yorkshire-terrier/;yorkshire-terrier;Yorkshire terrier
695;Zwergpinscher;https://www.caniincasa.it/wp-content/uploads/2023/10/Zwergpinscher.jpg;Zwergpinscher.jpg;https://www.caniincasa.it/razze_di_cani/zwergpinscher/;zwergpinscher;Zwergpinscher
696;Zwergschnauzer;https://www.caniincasa.it/wp-content/uploads/2023/10/Zwergschnauzer.jpg;Zwergschnauzer.jpg;https://www.caniincasa.it/razze_di_cani/zwergschnauzer/;zwergschnauzer;Zwergschnauzer