post_title,post_content,post_excerpt,post_type,post_status,energia_e_livelli_di_attivita,affettuosita,vocalita_e_predisposizione_ad_abbaiare,socievolezza_cani,adattabilita_appartamento,adattabilita_clima_caldo,adattabilita_clima_freddo,tolleranza_alla_solitudine,compatibilita_con_i_bambini,tolleranza_estranei,compatibilita_con_altri_animali_domestici,facilita_di_addestramento,intelligenza,esigenze_di_esercizio,facilita_toelettatura,cura_e_perdita_pelo_,predisposizioni_per_la_salute,livello_esperienza_richiesto,costo_mantenimento,istinti_di_caccia
"Labrador Retriever","<h2>Origini e Storia</h2>
<p>Il Labrador Retriever ha origini canadesi, precisamente dall'isola di Terranova. Originariamente chiamato ""St. John's dog"", questa razza veniva utilizzata dai pescatori per recuperare le reti e i pesci che sfuggivano dalle lenze. Nel 1800, alcuni esemplari furono portati in Inghilterra dove la razza fu perfezionata e standardizzata.</p>

<h2>Aspetto Fisico</h2>
<p>Il Labrador è un cane di taglia medio-grande con una costituzione robusta e atletica. Il peso varia tra i 25-36 kg, con un'altezza al garrese di 54-57 cm. Il mantello è corto, denso e impermeabile, disponibile in tre colorazioni riconosciute: nero, giallo (dal crema chiaro al rosso volpe) e chocolate (marrone).</p>

<h2>Carattere e Temperamento</h2>
<p>Rinomato per il suo carattere equilibrato e dolce, il Labrador è considerato uno dei cani più amichevoli al mondo. È estremamente affettuoso con la famiglia, paziente con i bambini e socievole con altri animali. La sua natura giocosa rimane anche in età adulta, rendendolo un compagno perfetto per famiglie attive.</p>

<h2>Salute e Cura</h2>
<p>Il Labrador è generalmente una razza sana, ma può essere soggetto a displasia dell'anca e del gomito. È importante controllare il peso poiché tende all'obesità. La toelettatura è semplice: una spazzolata settimanale è sufficiente, anche se durante la muta (due volte l'anno) potrebbe essere necessaria maggiore attenzione.</p>

<h2>Attività e Addestramento</h2>
<p>Questa razza richiede almeno 1-2 ore di esercizio quotidiano. Eccelle in attività come nuoto, riporto e agility. L'addestramento è generalmente facile grazie alla sua intelligenza e al desiderio di compiacere. È importante iniziare la socializzazione presto per sviluppare un cane equilibrato.</p>

<h2>Ideale Per</h2>
<p>Il Labrador è perfetto per famiglie attive, persone che amano le attività all'aperto, e come cane da terapia o assistenza. Non è adatto a chi ha poco tempo per l'esercizio fisico o vive in appartamenti molto piccoli senza accesso a spazi esterni.</p>","Il Labrador Retriever è un cane da famiglia per eccellenza: affettuoso, intelligente e giocoso. Ideale per famiglie attive, eccelle come cane da compagnia e da lavoro. Richiede molto esercizio quotidiano.",razze_di_cani,publish,4.5,5,2.5,4.5,3.5,3.5,4,2.5,5,5,4.5,5,5,5,4.5,3,4,1.5,3,2
"Chihuahua","<h2>Origini e Storia</h2>
<p>Il Chihuahua è la razza canina più piccola del mondo e prende il nome dallo stato messicano omonimo. Le sue origini risalgono all'antica civiltà Tolteca, dove veniva considerato un animale sacro. Si ritiene che discenda dal Techichi, un piccolo cane muto tenuto dai Toltechi.</p>

<h2>Aspetto Fisico</h2>
<p>Il Chihuahua pesa tra 1,5 e 3 kg, con un'altezza che varia dai 15 ai 23 cm. Esistono due varietà: a pelo corto e a pelo lungo. La testa è caratteristica, a forma di mela, con occhi grandi e rotondi. I colori del mantello sono estremamente vari, ammessi praticamente tutti.</p>

<h2>Carattere e Temperamento</h2>
<p>Nonostante le dimensioni minuscole, il Chihuahua ha un carattere deciso e coraggioso, spesso ignaro della propria taglia. È estremamente fedele al proprietario, con cui tende a creare un legame molto stretto. Può essere diffidente con gli estranei e protettivo nei confronti della sua famiglia. È vivace ma non necessita di eccessivo esercizio fisico.</p>

<h2>Salute e Cura</h2>
<p>Il Chihuahua è generalmente longevo (12-20 anni) ma delicato. Può soffrire di problemi dentali, lussazione della rotula e ipoglicemia. È sensibile al freddo e spesso necessita di vestiti nelle stagioni fredde. La toelettatura varia: minima per il pelo corto, più regolare per il pelo lungo.</p>

<h2>Attività e Addestramento</h2>
<p>Necessita di passeggiate brevi e frequenti. L'addestramento può essere sfidante a causa del suo carattere testardo. È importante socializzarlo fin da cucciolo per evitare che diventi troppo timoroso o aggressivo. Risponde bene al rinforzo positivo.</p>

<h2>Ideale Per</h2>
<p>Perfetto per chi vive in appartamento o ha spazi ridotti. Ideale come primo cane o per persone anziane. Non adatto a famiglie con bambini molto piccoli che potrebbero ferirlo involontariamente. Ottimo per chi cerca un compagno costante che occupa poco spazio.</p>","Il Chihuahua è la razza più piccola al mondo, ma con un grande carattere. Fedele e coraggioso, è perfetto per appartamenti e come cane da compagnia. Richiede poca attività fisica ma tanta attenzione.",razze_di_cani,publish,2.5,4.5,4,2,5,3,2,3,3,2.5,3,3,3.5,2,4.5,3.5,4,1,2.5,1
"Pastore Tedesco","<h2>Origini e Storia</h2>
<p>Il Pastore Tedesco (German Shepherd) fu sviluppato in Germania alla fine del 1800 dal capitano Max von Stephanitz, con l'obiettivo di creare il cane da pastore perfetto. Rapidamente la razza divenne famosa per la sua versatilità, diventando il cane da lavoro più utilizzato al mondo in ambiti come polizia, militare, ricerca e soccorso.</p>

<h2>Aspetto Fisico</h2>
<p>È un cane di taglia grande, muscoloso e agile. Il peso varia tra 30-40 kg (femmine) e 35-43 kg (maschi), con un'altezza di 55-60 cm per le femmine e 60-65 cm per i maschi. Il mantello è doppio, di media lunghezza, solitamente nero focato, ma esistono varianti di colore come il nero solido o il grigio.</p>

<h2>Carattere e Temperamento</h2>
<p>Intelligente, leale e protettivo, il Pastore Tedesco è un cane con forte attitudine al lavoro. Ha un naturale istinto di protezione verso la famiglia ed è estremamente fedele. È coraggioso ma equilibrato, diffidente con gli estranei ma non aggressivo senza motivo. Richiede un proprietario che possa fornire leadership ferma ma gentile.</p>

<h2>Salute e Cura</h2>
<p>Può essere soggetto a displasia dell'anca e del gomito, mielopatia degenerativa e problemi digestivi (torsione gastrica). La toelettatura richiede spazzolature regolari, specialmente durante i periodi di muta quando perde molto pelo. Ha un'aspettativa di vita di 9-13 anni.</p>

<h2>Attività e Addestramento</h2>
<p>Richiede almeno 2 ore di esercizio quotidiano, preferibilmente con attività mentali oltre che fisiche. Eccelle in obbedienza, agility, tracking e protezione. È altamente addestrabile grazie alla sua intelligenza e desiderio di lavorare. Necessita di socializzazione precoce e continua.</p>

<h2>Ideale Per</h2>
<p>Adatto a proprietari esperti o attivi che possono dedicare tempo all'addestramento e all'esercizio. Eccellente come cane da guardia, da lavoro o sportivo. Non ideale per proprietari alle prime armi o sedentari. Richiede spazio e stimolazione mentale costante.</p>","Il Pastore Tedesco è un cane versatile, intelligente e protettivo. Eccellente cane da lavoro e da famiglia per proprietari esperti. Richiede addestramento consistente e molto esercizio fisico e mentale.",razze_di_cani,publish,4.5,4,3.5,3.5,2.5,3.5,3.5,2,4,3,3.5,5,5,5,3,2.5,3.5,3.5,3.5,4